time_index,t_sec,t_min,n_grid_points,grid_nx,grid_ny,log10_mse,log10_rmse,log10_mae,log10_bias,log10_max_abs,log10_p95_abs,log10_p99_abs,grad_x_mse,grad_x_rmse,grad_x_mae,grad_x_bias,grad_x_max_abs,grad_x_p95_abs,grad_x_p99_abs,grad_y_mse,grad_y_rmse,grad_y_mae,grad_y_bias,grad_y_max_abs,grad_y_p95_abs,grad_y_p99_abs,grad_t_mse,grad_t_rmse,grad_t_mae,grad_t_bias,grad_t_max_abs,grad_t_p95_abs,grad_t_p99_abs,grad_xy_mag_mse,grad_xy_mag_rmse,grad_xy_mag_mae,grad_xy_mag_bias,grad_xy_mag_max_abs,grad_xy_mag_p95_abs,grad_xy_mag_p99_abs,label
-1,,,62500.0,250.0,250.0,0.0038027209393176626,0.06122051871219162,0.03720183504448113,0.009635808143783774,0.31387220006522415,0.15194250565428732,0.21613431716056267,1.727139846799393e-06,0.0012801115720792037,0.0008099553706590084,-6.242954194180017e-05,0.006759809349251272,0.002843937711134635,0.004754076729854371,4.464715314380936e-06,0.002103864208597392,0.0012933942001973366,1.068238444707631e-05,0.008971759764679968,0.005221280110401529,0.007256108811748461,7.393483566523719e-09,8.587303888699478e-05,5.9617122717427435e-05,-1.2950561211964577e-06,0.00039769271999301166,0.00019455939960323927,0.0002765305390731966,6.1918551611803285e-06,0.002473025904464644,0.0017525371667802866,0.0017525371667802866,0.009670838669326482,0.005655891796257451,0.0075664700342699676,mean_over_selected_times
